date,station,location,totmiles,tripmiles,pricegal,tripgal,totcost,notes
05/04/89,ARCO,TACOMA,236,213.5,1,25,25,
05/09/89,ARCO,TACOMA,472.9,237,1,15.6,15.59,
05/14/89,EXXON,SEA-TAC,972.8,499.9,1,28.3,28.25,
05/18/89,ARCO,TACOMA,1188.9,216.1,1,4.8,4.8,
05/24/89,ARCO,TACOMA,1341.3,152.4,0.99,17.1,16.88,
05/30/89,ARCO,TACOMA,1630.8,289.5,0.98,13.5,13.21,
06/03/89,ARCO,TACOMA,1988.2,357.3,0.96,21.6,20.72,
06/15/89,ARCO,TACOMA,2446.9,458.7,0.95,26,24.67,
06/21/89,ARCO,TACOMA,2763.4,316.6,0.94,18.4,17.28,
07/03/89,ARCO,TACOMA,3168.3,404.9,0.94,24,22.54,
07/25/89,ARCO,TACOMA,3633.1,464.8,0.92,28.6,26.29,
08/05/89,ARCO,TACOMA,3977.1,344,0.9,18.9,17,
08/17/89,MIN IT LUBE,TACOMA,4323.6,N/A,,N/A,25.28,Oil change/lube
08/20/89,ARCO,TACOMA,4439.1,461,0.89,27,24,
08/28/89,ARCO,TACOMA,4751.7,312.5,0.86,18.4,15.81,
10/03/89,ARCO,TACOMA,5441.6,687,0.88,27.3,24.1,
10/05/89,ARCO,TACOMA,5534,92.5,0.87,7.9,9.2,
10/30/89,ARCO,TACOMA,5974.1,440,0.85,22.3,19,
11/06/89,ARCO,TACOMA,6464.5,930.5,0.84,30.2,25.54,
11/27/89,ARCO,FEDERAL WAY,7023.5,559,0.87,30.5,30.46,
12/19/89,ARCO,TACOMA,7425.6,402.1,0.84,23.8,20,
01/04/90,ARCO,TACOMA,8049.3,623.7,0.87,23,20,
01/08/90,COURTESY FORD,GIG HARBOR,8133,N/A,,N/A,17.97,7500 mile check up. New license holder.
01/08/90,COURTESY FORD,GIG HARBOR,8133,N/A,,N/A,7.98,New license holder
01/30/90,ARCO,TACOMA,8496.2,446.9,0.9,27.6,24.81,
02/12/90,ARCO,TACOMA,8690.3,194.2,0.92,12.6,11.58,
03/04/90,ARCO,TACOMA,9062,565.8,0.94,21.3,20,
03/31/90,ARCO,TACOMA,9307.3,245.3,0.92,14.2,13,
04/28/90,TEXACO,GIG HARBOR,9837.5,526.2,1.07,30.5,32.63,
05/20/90,ARCO,TACOMA,10283.3,445.8,1,13,13,
06/18/90,ARCO,TACOMA,10610.3,772.7,1.02,28.6,29.1,
07/22/90,TEXACO,GIG HARBOR,11204.1,593.8,1.17,31.3,36.61,
08/06/90,BP,SEA-TAC,11495.3,291.3,1.18,14.3,16.88,
09/02/90,TEXACO,GIG HARBOR,11920.5,425.2,1.29,23.1,29.77,
10/23/90,BP,SEA-TAC,12690.7,195.4,1.36,30.4,41.32,
12/01/90,ARCO,SEA-TAC,13207.2,516.5,1.37,28.9,39.5,
12/26/90,TEXACO,GIG HARBOR,N/A,N/A,1.5,25.6,38.4,
01/10/91,BP,SEA-TAC,14148.4,941.2,1.29,28,37.17,
02/03/91,BP,SEA-TAC,14457.7,305.3,1.2,16.7,20,
02/26/91,ARCO,TACOMA,14787.9,330.2,1.05,19.1,20,
03/28/91,ARCO,TACOMA,15296,508.1,1,29.6,29.54,
04/29/91,UN,TACOMA,16025.1,729.1,1.06,28.3,30,
05/30/91,BP,SEA-TAC,16674.1,649,1.15,17.6,20,
06/07/91,BP,SEA-TAC,16948.1,274,1.14,4.3,5,
06/09/91,BP,SEA-TAC,17039,90.9,1.15,8.4,10,
06/11/91,ARCO,PUYALLUP,17190.3,151.3,1.16,12.9,15,
06/20/91,BP,SEA-TAC,17679.3,488.9,1.09,28.5,31,
08/17/91,ARCO,N/A,18821.5,141.2,1.04,30.2,31.36,
10/29/91,EXXON,N/A,19439,617.9,1.02,14.8,15.66,
11/13/91,BP,SEA-TAC,19748.2,309,1.1,16.7,18.41,
12/12/91,EXXON,TACOMA,20104.2,356,1.06,20,21.18,
12/23/91,BP,SEA-TAC,20673.4,569.2,1.07,32.2,34.42,
01/07/92,CHEVRON,N/A,21343.7,670.3,1.18,28.8,32.25,
01/25/92,EXXON,TACOMA,21714.4,370.7,1,18.7,18.47,
04/06/92,TEXACO,GIG HARBOR,22230.4,516,1.13,8.2,10,
04/08/92,BP,SEA-TAC,22263.8,549.4,1.05,24.2,28.39,
05/17/92,CHEVRON,SEA-TAC,22818.2,553.1,1.21,30,36.27,
06/03/92,CHEVRON,SEA-TAC,23444.7,626.5,1.24,25.9,32.12,
06/30/92,CHEVRON,SEA-TAC,23693.1,248.5,1.25,12.1,15.12,
07/13/92,CHEVRON,SEA-TAC,24120.1,427,1.26,21.7,27.29,
08/17/92,CHEVRON,SEA-TAC,25139.2,1017.17,1.25,27,33.72,
09/19/92,CHEVRON,GIG HARBOR,25631.3,492.1,1.24,24.5,30.36,
10/13/92,CHEVRON,GIG HARBOR,26151.1,519.8,1.24,29.2,36.18,
11/07/92,CHEVRON,SEA-TAC,26619.6,468.5,1.23,24,29.55,
11/28/92,CHEVRON,SEA-TAC,27030.6,410.9,1.2,22.6,27.1,
12/28/92,CHEVRON,SEA-TAC,27510.6,480.1,1.18,28.3,33.37,
01/17/93,CHEVRON,SEA-TAC,28029,518.3,1.14,29.3,33.37,
02/27/93,CHEVRON,SEA-TAC,28463.5,434.5,1.06,24.8,26.26,
04/08/93,ARCO,TACOMA,29004.8,541.3,0.97,30.8,29.85,
04/20/93,CHEVRON,SEA-TAC,29285.5,280.7,1.09,15.2,16.55,
05/05/93,CHEVRON,SEA-TAC,29578,292.5,1.14,15.9,18.12,
05/13/93,CHEVRON,SEA-TAC,29864.2,285.6,1.16,15.6,18.09,
06/28/93,N/A,N/A,30499,267.2,1.16,14.7,17.92,
07/09/93,CHEVRON,SEA-TAC,30766.8,267.8,1.13,14.6,16.48,
07/12/93,CHEVRON,SEA-TAC,N/A,N/A,1.13,15.3,17.28,
08/13/93,ARCO,TACOMA,31644.1,302.8,1.06,N/A,16.25,
09/12/93,ARCO,TACOMA,31948.2,304.1,1.06,14.2,15,
10/02/93,BP,SEA-TAC,32213,264.8,1.22,16,19.5,
10/08/93,CHEVRON,SEA-TAC,32453.5,240.5,1.19,13.2,15.7,
10/22/93,ARCO,TACOMA,32719.2,265.7,1.11,14,15.53,
11/05/93,CHEVRON,SEA-TAC,33006.9,287.7,1.19,16,19.02,
11/16/93,BP,SEA-TAC,33251.7,244.6,1.18,15.7,16,
11/30/93,CHEVRON,SEA-TAC,33494.4,241.7,1.14,13.5,15.38,
12/19/93,CHEVRON,GIG HARBOR,33842.8,348.4,1.13,23,25.97,
01/08/94,ARCO,TACOMA,34337.2,494.3,1.03,28.2,29.02,
01/30/94,CHEVRON,SEA-TAC,34869.9,532.7,1.06,29,30.72,
02/08/94,ARCO,FIFE,35184,314.2,1,18,18,
02/24/94,N/A,N/A,71641.6,435.8,1.04,23.6,24.53,
03/12/94,CHEVRON,ANDERSENS,35933.2,304,1.09,17.4,18.95,
04/26/94,CHEVRON,ANDERSENS,36376.9,443.7,1.1,26,28.58,
05/16/94,CHEVRON,SEA-TAC,36944.9,567.9,1.16,29.5,34.19,
06/12/94,CHEVRON,ANDERSENS,37298.8,353.9,1.15,19,21.83,
07/06/94,CHEVRON,ANDERSENS,37633.9,335.1,1.15,17.5,20.11,
08/24/94,CHEVRON,ANDERSENS,37916.6,282.7,1.23,16.3,20.04,
09/14/94,CHEVRON,ANDERSENS,38506.1,589.4,1.34,30.7,41.11,
12/07/94,ARCO,N/A,38996.4,490.4,1.18,27.9,32.9,
12/23/94,CHEVRON,ANDERSENS,39401.3,404.9,1.23,14.2,17.45,
12/23/94,N/A,N/A,39390.9,-10.4,1.23,10.8,13.38,
01/04/95,CHEVRON,ANDERSENS,39951.6,64.6,1.23,19.8,24.39,
02/04/95,ARCO,N/A,40272.5,320.9,1.13,17.7,20,
02/23/95,CHEVRON,SEA-TAC,40454.5,273,1.18,17.8,21,
03/10/95,CHEVRON,SEA-TAC,40825.9,280.5,1.18,15.3,18.05,
04/02/95,CHEVRON,SEA-TAC,41102.5,272.3,1.18,16.4,19.34,
05/15/95,CHEVRON,SEA-TAC,41549.2,446.7,1.25,24.9,31.11,
05/31/95,CHEVRON,SEA-TAC,41958,405.9,1.28,20,25.59,
07/19/95,CHEVRON,SEA-TAC,42457.7,499.8,1.28,27.4,35.05,
08/15/95,CHEVRON,SEA-TAC,42954.3,495.5,1.28,26.2,33.52,
09/03/95,CHEVRON,SEA-TAC,43134.3,180,1.26,9,11.33,
09/06/95,CHEVRON,SEA-TAC,43223.8,89.6,1.25,21.4,25.46,
09/16/95,CHEVRON,YAKIMA,43749.3,525.5,1.19,28.6,34,
10/02/95,SAFE AX,MCCHORD,44140.8,391.6,1.19,21.4,25.46,
12/15/95,CHEVRON,ANDERSENS,44828.2,327.7,1.25,16,20.02,
12/30/95,CHEVRON,SEA-TAC,44999.4,171.1,1.24,12.9,15.98,
01/29/96,CHEVRON,ANDERSENS,45420.3,420.9,1.25,24.3,30.36,
02/19/96,CHEVRON,SEA-TAC,45770.8,350.5,1.19,21,24.97,
03/02/96,CHEVRON,SEA-TAC,45999.8,228.9,1.19,13.4,15.94,
03/17/96,CHEVRON,SEA-TAC,46284.6,284.8,1.2,15.8,18.95,
04/04/96,CHEVRON,SEA-TAC,46722.2,437.6,1.23,26,31.96,
04/12/96,CHEVRON,ANDERSENS,47102.8,380.6,1.3,18.5,24,
05/09/96,CHEVRON,ANDERSENS,47583.5,480.7,1.42,26.7,37.89,
05/14/96,CHEVRON,ANDERSENS,47778.5,195,1.44,8.3,N/A,
05/27/96,CHEVRON,ANDERSENS,48637.5,471,1.42,27,38.32,
05/31/96,CHEVRON,ANDERSENS,48166.5,388,1.45,22.7,32.89,
08/05/96,CHEVRON,SEA-TAC,49087,449.5,1.42,25.3,35.91,
08/31/96,N/A,N/A,49555.9,N/A,,7.1,10,
09/01/96,N/A,SEA-TAC,49594,501.5,1.36,20.2,27.45,
09/20/96,CHEVRON,ANDERSENS,49983.9,389.9,1.4,21.5,30.08,
10/07/96,N/A,SEA-TAC,50450.5,466.6,1.36,27,36.69,
10/24/96,CHEVRON,ANDERSENS,50904.3,453.3,1.36,28,38.05,
11/08/96,N/A,SEA-TAC,51351.9,447.9,1.32,23.4,30.87,
11/18/96,CHEVRON,ANDERSENS,51682,330.1,1.33,19.1,25.39,
11/30/96,N/A,SEA-TAC,51853.4,171.4,1.28,12,15.36,
12/10/96,CHEVRON,ANDERSENS,52279.5,425.4,1.29,25.9,33.39,
12/18/96,TEXACO,GIG HARBOR,52569.7,290.2,1.33,16.9,22.46,
01/03/97,CHEVRON,SEA-TAC,52895,325.4,1.26,19.2,24.17,
01/18/97,CHEVRON,SEA-TAC,53288.5,392.9,1.28,23.8,30.45,
02/12/97,CHEVRON,ANDERSENS,53756.6,458.2,1.29,27.6,35.58,
03/15/97,CHEVRON,SEA-TAC,54099.7,343.1,1.3,21.2,27.54,
03/25/97,CHEVRON,ANDERSENS,54466.7,367,1.3,21.5,27.94,
04/04/97,ARCO,TACOMA,54891.8,425.1,1.25,26,32.5,
04/20/97,ARCO,TACOMA,55271.8,380,1.26,19.9,25,
05/02/97,ARCO,TACOMA,55570.3,298.5,1.25,20,25,
05/20/97,ARCO,N/A,56030.2,459.6,1.24,26.4,32.69,
06/05/97,ARCO,N/A,56420.7,389.5,1.24,20.1,25,
06/07/97,CHEVRON,SEA-TAC,56562.5,141.8,1.3,3.8,5,
06/11/97,CHEVRON,ANDERSENS,56740.3,177.8,1.33,17.7,23.54,
06/24/97,CHEVRON,GIG HARBOR,57093.8,353.6,1.28,19.6,25.07,
06/28/97,CHEVRON,ANDERSENS,57346,252.2,1.26,12.9,16.25,
07/10/97,CHEVRON,GIG HARBOR,57803.2,455,1.28,25.8,33.01,
07/17/97,CHEVRON,ANDERSENS,58117.8,314.6,1.26,15.9,20.02,
07/31/97,CHEVRON,GIG HARBOR,58409.4,291.6,1.26,18,22.68,
08/19/97,CHEVRON,ANDERSENS,58887,477.6,1.27,25,31.73,
08/27/97,CHEVRON,GIG HARBOR,59056.3,169.2,1.3,10,13,
09/04/97,CHEVRON,GIG HARBOR,59240.7,184.4,1.34,11.4,15.24,
09/16/97,CHEVRON,GIG HARBOR,59551.7,310.9,1.36,13.8,18.76,
09/30/97,CHEVRON,GIG HARBOR,59873,320,1.36,21.8,29.64,
10/11/97,CHEVRON,GIG HARBOR,60217.5,344.6,1.36,18.2,24.78,
11/13/97,CHEVRON,SEA-TAC,60431.1,212.3,1.33,14.1,18.75,
11/25/97,CHEVRON,GIG HARBOR,60714.3,283.2,1.32,16.9,22.29,
12/10/97,CHEVRON,GIG HARBOR,60967.3,253,1.3,15.5,20.14,
12/20/97,CHEVRON,SEA-TAC,61388.3,421,1.26,25,31.48,
01/04/98,BP,SEA-TAC,61598,209.7,1.24,12.1,15,
01/29/98,CHEVRON,GIG HARBOR,61891.1,292.7,1.2,20,23.98,
02/12/98,CHEVRON,GIG HARBOR,62313.6,422.5,1.14,24.5,27.51,
02/27/98,ARCO,TACOMA,62623,309.5,0.98,18.4,18.02,
03/05/98,ARCO,TACOMA,62879,256,0.96,15.3,14.7,
03/13/98,ARCO,TACOMA,63228.9,349.9,0.94,10.6,10,
03/19/98,ARCO,TACOMA,63435.4,206.5,0.94,21.3,20,
04/04/98,ARCO,TACOMA,638438.9,408.5,0.98,20.4,20,
04/14/98,ARCO,TACOMA,64123.7,279,1,22.7,22.3,
04/27/98,CHEVRON,ANDERSENS,64487.3,363.6,1.05,21.8,22.87,
05/14/98,CHEVRON,ANDERSENS,64907,419.6,1.1,24.4,26.82,
05/29/98,ARCO,TACOMA,65240,333,1.08,13.9,15,
06/17/98,ARCO,TACOMA,65535,295,1.1,13.9,15,
06/22/98,N/A,AUBURN,65754,514.2,1.12,17.9,20,
06/24/98,N/A,AUBURN,66028.8,273.9,1.12,13.4,15,
07/06/98,ARCO,TACOMA,66481.7,452.9,1.06,29,30.75,
07/11/98,CHEVRON,GIG HARBOR,66754.3,272.7,1.14,16,18.23,
07/17/98,ARCO,SEA-TAC,67035.7,281.3,1.04,15.4,16,
07/25/98,ARCO,N/A,67454.7,419,1.07,23.4,25,
08/01/98,ARCO,GIG HARBOR,67864,409.2,1,23.8,23.79,
08/17/98,ARCO,GIG HARBOR,68386.8,522.9,1,24,24,
08/27/98,ARCO,GIG HARBOR,68605.7,218.8,1,19.1,19.13,
09/10/98,ARCO,GIG HARBOR,68889.7,284,1,12,12,
09/18/98,ARCO,GIG HARBOR,69090.7,201,1,12,12,
09/23/98,N/A,N/A,69230.3,139.6,1,15.3,15.25,
10/16/98,ARCO,UNIVERSITY PLACE,69551.2,320.8,1,20,20,
11/03/98,ARCO,TACOMA,69766.5,215.3,0.96,15.5,14.85,
12/01/98,N/A,N/A,70183.5,417,0.96,27.1,26,
12/07/98,ARCO,UNIVERSITY PLACE,70382.2,198.7,0.96,13.7,13.17,
12/14/98,ARCO,N/A,70601.1,218.8,0.94,10.4,10,
01/12/99,ARCO,TACOMA,70985.9,384.8,0.96,27.1,26,
01/20/99,ARCO,TACOMA,71205.7,219.8,0.94,14.4,13.5,
03/10/99,ARCO,FIFE,71953.8,312.3,0.94,21.3,20,
03/18/99,CHEVRON,ANDERSENS,72110.7,146.9,1.09,15.2,16.56,
04/09/99,CHEVRON,SEA-TAC,72602.4,491.7,1.44,28.5,41.01,
04/28/99,ARCO,SEA-TAC,72982.9,380.5,1.35,14.8,20,
05/19/99,CHEVRON,ANDERSENS,73348.9,366,1.37,29.5,40.39,
06/03/99,ARCO,GIG HARBOR,73686,337.1,1.28,20.3,26,
06/23/99,ARCO,SEA-TAC,74180.5,494.5,1.2,30.6,36.75,
06/27/99,CHEVRON,GIG HARBOR,74389.3,208.7,1.58,10.1,16,
07/25/99,CHEVRON,ANDERSENS,75103,713.7,1.3,27.7,36,
08/19/99,CHEVRON,ANDERSENS,75555.3,452.4,1.44,24.4,35.12,
09/05/99,CHEVRON,GIG HARBOR,75861,305.7,1.44,21.8,31.37,
10/06/99,CHEVRON,GIG HARBOR,76229,438,1.4,17.7,24.79,
10/14/99,CHEVRON,GIG HARBOR,76404,105,1.4,17.1,23.93,
11/08/99,CHEVRON,SEA-TAC,76771.4,472.3,1.34,23.3,31.2,
11/25/99,CHEVRON,ANDERSENS,77129.3,357.9,1.39,23.2,32.23,
12/09/99,CHEVRON,GIG HARBOR,77369.9,240.6,1.34,16.7,22.37,
12/30/99,UN,GIG HARBOR,77616,246,1.3,9,11.67,
01/13/00,UN,GIG HARBOR,77932.7,316.7,1.3,22.9,29.76,
02/02/00,ARCO,GIG HARBOR,78261.2,328.5,1.25,20.4,25.5,
02/17/00,UN,GIG HARBOR,78434.9,173.6,1.35,11.4,15.38,
03/06/00,BP,SEA-TAC,78792,357.2,1.5,22.8,34.19,
03/20/00,UN,GIG HARBOR,79070.3,278.3,1.58,18,28.44,
04/02/00,UN,GIG HARBOR,79440.6,370.3,1.6,24.5,39.18,
04/12/00,UN,GIG HARBOR,79793.3,352.7,1.6,20.6,32.92,
05/11/00,UN,GIG HARBOR,80059.5,266.2,1.58,18.3,28.9,
06/06/00,CHEVRON,ANDERSENS,80491.3,431.9,1.54,25.4,39.09,
06/13/00,CHEVRON,ANDERSENS,80673.9,182.6,1.54,10,15.39,
06/22/00,UN,GIG HARBOR,80960.9,287,1.52,16.8,25.53,
07/08/00,UN,GIG HARBOR,81244.4,279.3,1.56,19.6,30.56,2 pts gummout
07/31/00,CHEVRON,GIG HARBOR,81709.4,464.9,1.6,27.2,43.49,
09/05/00,CHEVRON,GIG HARBOR,82089.9,380.5,1.66,22.2,36.84,
09/23/00,UN,PUYALLUP,82478.5,388.6,1.68,23,38.26,
10/07/00,CHEVRON,ANDERSENS,82678,200.4,1.68,11.2,18.81,
10/14/00,CHEVRON,ANDERSENS,82898.7,219.8,1.68,15,25.18,
10/21/00,CHEVRON,N/A,83103.6,204.9,1.68,9.6,16.12,
11/02/00,COSTCO,TACOMA,83309.1,205.5,1.57,16.4,25.73,
11/16/00,N/A,N/A,83564.2,248.2,1.65,18.5,30.69,
11/28/00,COSTCO,TACOMA,83825.5,261.4,1.5,16.7,25.04,
12/11/00,COSTCO,TACOMA,84020.5,195,1.48,13.5,19.93,
01/08/01,COSTCO,TACOMA,84252.4,227.9,1.41,17,23.95,
01/20/01,N/A,N/A,84565.3,312.9,1.49,20.8,30.97,
02/10/01,76,GIG HARBOR,85016.5,451.2,1.48,28.2,41.72,
03/22/01,COSTCO,TACOMA,85415.8,399.3,1.37,23,31.9,
03/28/01,TEXACO,GIG HARBOR,85620,194.2,1.52,13.1,19.9,
04/05/01,COSTCO,TACOMA,85951.9,331.9,1.37,20.9,28.61,New Sears diehard battery
04/26/01,COSTCO,TACOMA,86346.3,394.5,1.37,23,31.9,
05/17/01,COSTCO,TACOMA,86698.4,350.9,1.37,18.3,25.6,
05/29/01,COSTCO,TACOMA,87099.5,401.1,1.48,26.8,39.64,
06/13/01,COSTCO,TACOMA,87448.2,348.7,1.49,12.7,18.92,Oil service
06/19/01,CHEVRON,ANDERSENS,87738.5,290.2,1.56,16.8,26.19,
06/29/01,COSTCO,TACOMA,88145.3,406.8,1.43,21.1,30.16,
07/17/01,ARCO,TACOMA,88372.5,227.2,1.38,14.5,20,
08/06/01,COSTCO,TACOMA,88789,416.5,1.3,24.2,34.1,Fuel injector cleaner
08/14/01,COSTCO,TACOMA,88996.6,207.6,1.29,11.2,14.44,
08/27/01,COSTCO,TACOMA,89304.5,308,1.32,18.2,24.01,
09/15/01,UN,GIG HARBOR,89623.2,316,1.6,20.5,32.79,
09/25/01,COSTCO,TACOMA,89914.7,291.5,1.5,16.1,24.13,Rotate tires - Jiffy Lube. Oil Change - Jiffy Lube.
10/11/01,COSTCO,TACOMA,90216.7,298,1.4,19.8,27.7,
11/13/01,COSTCO,TACOMA,90573.2,356.6,1.23,21.3,26.15,
12/31/01,N/A,N/A,90669.9,N/A,,N/A,N/A,
02/26/02,N/A,GIG HARBOR,90867.8,294.5,1.1,19.5,21.4,
03/30/02,ARCO,TACOMA,91304.8,437,1.26,28.3,30,
04/24/02,N/A,GIG HARBOR,91584.3,279.5,1.39,19.4,26.95,
05/20/02,CHEVRON,GIG HARBOR,92020.1,435.7,1.36,28,38.05,
05/21/02,COURTESY FORD,GIG HARBOR,92031.2,,,,,Oil Change
06/05/02,COSTCO,TACOMA,92261.5,241.4,1.28,14.4,18.42,
08/14/02,COSTCO,TACOMA,92651.8,217.2,1.28,24.2,30.97,
09/18/02,COSTCO,TACOMA,93140.3,488.5,1.24,28.7,35.58,
10/07/02,ARCO,PEARL ST,93598.3,458,1.2,25.6,30.65,
10/23/02,ARCO,TACOMA,93828.6,230.6,1.14,14.4,16.41,
11/20/02,ARCO,TACOMA,94192.9,364.1,1.18,25,29.44,
11/26/02,ARCO,TACOMA,94628.6,435.7,1.17,26.3,30.74,
12/02/02,ARCO,TACOMA,94791.8,163.2,1.18,4.2,5,
12/03/02,CHEVRON,ANDERSENS,94866,237.4,1.37,10,13.69,
12/07/02,ARCO,UNIVERSITY PLACE,95130,263.9,1.18,17.8,21,
12/12/02,TIRES LES SCHAUB,GIG HARBOR,95238.6,,,,,"TIRES ROTATED, OIL CHANGE PRECISION TUNE"
12/18/02,ARCO,TACOMA,95424.9,294.6,1.1,18.2,20,
12/31/02,ARCO,TACOMA,95691.9,267,1.1,17.3,19,
01/08/03,76,SEA-TAC,,,,,,
01/09/03,76,SEA-TAC,95876.6,184.7,1.36,11.3,15.36,
01/18/03,76,SEA-TAC,96265.4,320.4,1.4,19.7,27.56,
01/26/03,76,SEA-TAC,96497.5,232.1,1.46,14.1,20.59,
02/15/03,CHEVRON,ANDERSENS,96691.5,193.9,1.5,14,20.99,
02/21/03,CHEVRON,SEA-TAC,97164.4,472.9,1.8,29.5,53.08,
02/25/03,ARCO,TACOMA,97436.7,272.3,1.64,12.2,20,
03/02/03,N/A,TACOMA,97588.3,142.5,1.67,11.5,19.26,
03/11/03,ARCO,TACOMA,97956.2,367.8,1.74,11.5,20,
03/19/03,ARCO,TACOMA,98126.3,170.2,1.74,16.8,29.25,
04/10/03,76,GIG HARBOR,98518.5,8.2,1.8,5.4,9.53,
04/10/03,ARCO,GIG HARBOR,98510.2,389.3,1.6,19.3,31,
04/25/03,ARCO,GIG HARBOR,98965.9,447.4,1.6,25,40,
05/02/03,ARCO,GIG HARBOR,99111.2,145.3,1.56,9.6,15,
05/13/03,ARCO,N/A,99615.7,504.5,1.46,26.7,39,
05/27/03,ARCO,TACOMA,99971.1,355.4,1.4,23.6,33,
06/03/03,COURTESY FORD,,100167,,,,,"Oil Change, tire rotation"
06/12/03,ARCO,GIG HARBOR,N/A,N/A,1.5,8.7,13,
06/15/03,ARCO,TACOMA,100577.1,548.2,1.46,26.1,38.09,
07/31/03,ARCO,TACOMA,101020.9,472.7,1.44,27.8,40,
08/18/03,COSTCO,TACOMA,101388.3,367.4,1.7,19.8,33.69,
09/05/03,COSTCO,TACOMA,101777.2,388.9,1.74,25.3,44.01,
09/24/03,ARCO,N/A,102246.1,468.9,1.64,27.52,45.1,
10/05/03,ARCO,N/A,102681.8,435.7,1.56,26.2,40.88,
10/14/03,ARCO,TACOMA,103056.8,375,1.6,23.5,37.58,
10/24/03,ARCO,TACOMA,103321.8,265,1.44,13.9,20,
11/03/03,ARCO,TACOMA,103649.5,327.7,1.42,18.4,27.07,
11/07/03,ARCO,TACOMA,103889.8,240.3,1.42,20.4,28.88,
11/25/03,COSTCO,,104262.4,372.8,1.44,25.8,37.14,
12/01/03,N/A,TEMPLE,104439.3,176.9,1.57,12.2,19.14,
12/09/03,COSTCO,TACOMA,104625,185.7,1.4,12.2,17.07,
12/29/03,ARCO,TACOMA,104947.3,322.5,1.36,19,24.18,
01/13/04,COSTCO,TACOMA,105302.5,354.9,1.5,19,28.52,
01/20/04,COSTCO,TACOMA,105465.8,163.2,1.52,13.7,20.81,
02/11/04,ARCO,TACOMA,105891.9,426,1.6,27,43.18,
02/20/04,UN,GIG HARBOR,10639.1,138.2,1.6,15.1,24.18,
02/27/04,COSTCO,TACOMA,106164.2,125.1,1.69,8.4,14.19,
03/15/04,UNION,GIG HARBOR,106530.5,366.3,1.76,23.2,40.82,
03/25/04,,,106695,,,,,"New tires, oil change"
04/01/04,COSTCO,TACOMA,106740.6,210.1,1.71,15.5,26.51,
04/12/04,COSTCO,TACOMA,106846.7,106.1,1.79,7.4,13.25,
04/24/04,76,TACOMA,107174,314.3,1.94,19,36.94,
05/10/04,ARCO,TACOMA,107561.7,391.3,2.12,24.6,50,
05/25/04,ARCO,TACOMA,107991,429.3,2.2,20.5,45,
05/26/04,CHEVRON,GIG HARBOR,108063,72,2.3,10,22.97,
06/09/04,COSTCO,TACOMA,108296.6,233.6,2.14,16,34.28,
06/25/04,CHEVRON,SEA-TAC,108600.3,37.26,2.18,17.1,37.26,
06/30/04,CHEVRON,SEA-TAC,108740.3,140,2.14,8.4,17.97,
07/09/04,CHEVRON,SEA-TAC,108900.4,160.1,2.04,9.2,18.76,
07/23/04,CHEVRON,SEA-TAC,109178.7,278.3,1.96,15,25.38,
08/04/04,COSTCO,TACOMA,109394.4,215.7,1.8,12.4,22.32,
08/05/04,CHEVRON,SEA-TAC,109491.9,97.5,1.92,5.8,11.13,
08/22/04,COSTCO,TACOMA,109854.1,362.2,1.82,20.1,362.2,
09/08/04,ARCO,GIG HARBOR,110206.9,352.8,1.84,20.2,37.15,
09/13/04,CHEVRON,TEMPLE,110316.3,109.4,1.94,7,13.58,
09/22/04,ARCO,TACOMA,110464.5,148.2,1.84,9.3,19,Oil Change and air filter also
09/28/04,76,SEA-TAC,110639.9,175.4,1.98,11.6,22.96,
10/05/04,76,GIG HARBOR,110685,45.1,1.98,3.5,6.79,
10/07/04,76,SEA-TAC,110791.7,104.4,2,7,14,
10/29/04,ARCO,TACOMA,111040.1,248.3,1.96,10.1,20,
11/04/04,COSTCO,TACOMA,111197.2,157.1,1.95,14.6,28.47,
11/08/04,UN,TACOMA,111277,79.8,2,5.1,10.19,
11/10/04,ARCO,TACOMA,111442.7,165.7,1.96,9.5,18.61,
11/12/04,N/A,SEA-TAC,111542.5,99.8,2,5.9,11.8,
11/17/04,UN,SEA-TAC,111756.2,213.7,2,12.8,25.59,
11/22/04,ARCO,GIG HARBOR,111823.5,67.3,1.92,4.1,8,
12/14/04,COSTCO,TACOMA,112193.2,369.7,1.77,24,42.46,
12/21/04,ARCO,UNIVERSITY PLACE,112556.6,209.9,1.74,11.5,20,Tires totated too
12/31/04,,,112791.2,,,,,End of Year
01/04/05,UN,SEA-TAC,112877.8,321.2,1.78,20.5,36.48,
01/12/05,UN,SEA-TAC,113056.7,178.8,1.74,11,19.14,
02/05/05,ARCO,TACOMA,113459.4,402.7,1.72,26.1,45,
02/21/05,UN,SEA-TAC,113656.6,197.2,1.9,14.6,27.73,
03/08/05,UN,SEA-TAC,113944.1,287.5,2.06,17.3,35.64,
03/26/05,76,SEA-TAC,114145.1,201,2.22,12.8,28.3,
04/12/05,COSTCO,TACOMA,114359.5,214.2,2.36,12.5,43.02,
04/18/05,ARCO,TACOMA,114556.9,197.4,2.36,13.6,32,
05/05/05,COSTCO,TACOMA,114874.9,318.1,2.32,9.9,318.1,
05/11/05,,,114994.4,,,,,Oil Change - Walts
05/16/05,COSTCO,TACOMA,115243.3,368.3,2.29,21.3,48.76,
05/22/05,76,SEA-TAC,115473,229.7,2.36,14.4,33.97,
06/10/05,COSTCO,TACOMA,115827,354.8,2.12,23.3,49.37,
06/17/05,COSTCO,TACOMA,115954.4,126.6,2.12,8,16.96,
07/12/05,COSTCO,TACOMA,116500.1,545.7,2.29,17.5,40.06,
07/27/05,COSTCO,TACOMA,116719.1,219,2.24,12.6,28.25,
08/16/05,76,GIG HARBOR,117052.7,333.6,2.56,19.5,50,
08/16/05,76,GIG HARBOR,117334.7,282,2.6,14,36.39,
09/12/05,COSTCO,TACOMA,117711.5,376.7,2.7,9.8,26.46,
09/13/05,,,117724,,,,,Muffler and tail pipe - WALTS
09/20/05,COSTCO,TACOMA,117738.6,27.1,2.66,13.7,36.44,
11/08/05,COSTCO,TACOMA,117916.6,178,2.3,8.5,19.48,
02/08/06,CHEVRON,GIG HARBOR,118176.2,259.6,2.22,20,43.99,
06/20/06,COSTCO,TACOMA,118594.4,418.2,2.9,27.5,79.73,
09/12/06,76,N/A,119348.3,753.9,2.74,24.7,67.66,
09/16/06,76,N/A,119550.3,201.9,2.7,11.2,30.24,
10/05/06,COSTCO,TACOMA,119792.5,242.2,2.4,15.8,37.92,
10/24/06,COSTCO,TACOMA,120094.1,242.5,2.3,19.4,43.44,
11/01/06,76,SEA-TAC,120261.1,167,2.38,10.8,25.71,
11/24/06,COSTCO,TACOMA,120662.6,401.5,2.3,22.8,52.58,
12/09/06,COSTCO,TACOMA,121017.4,354.8,2.39,24.8,59.27,
12/22/06,ARCO,GIG HARBOR,121277.2,259.3,2.44,12.3,30,
01/12/07,76,GIG HARBOR,121649.2,372,2.54,27,68.55,
01/20/07,COSTCO,TACOMA,121970.9,321.7,2.34,6.5,15.2,
01/24/07,76,SEA-TAC,121871.4,-99.5,2.46,13.3,32.7,
03/09/07,ARCO,N/A,122395.1,523.7,2.6,15.4,40.02,
03/10/07,SAF,TACOMA,122421.6,26.5,2.58,13.8,35.59,
03/15/07,76,TACOMA,122550.9,129.3,2.82,7.7,21.71,
03/23/07,SAC,TACOMA,122698.4,147.5,2.78,10.7,29.74,
04/04/07,SAC,N/A,123021,322.6,2.88,17.7,50.96,
04/25/07,76,SEA-TAC,123325.7,304.7,3.18,17.7,56.27,
05/17/07,76,SEA-TAC,123531.7,206,3.44,10.4,35.77,
06/02/07,COSTCO,TACOMA,123695.8,164.1,3.2,9.8,31.35,
06/13/07,76,SEA-TAC,124024.3,328.5,3.18,14.9,47.37,
06/28/07,76,SEA-TAC,124294.5,270.2,3.04,16,48.62,
07/11/07,N/A,N/A,124605.1,310.6,2.84,15.7,44.57,
07/21/07,76,SEA-TAC,124716.7,111.6,2.94,10.4,30.57,
08/08/07,76,SEA-TAC,124970.6,253.9,2.84,14,39.75,
08/30/07,COSTCO,TACOMA,125278.4,307.8,2.64,17,44.86,
09/01/07,76,SEA-TAC,125454.1,175.7,2.8,9.7,27.15,
09/11/07,76,SEA-TAC,125638.4,184.3,2.86,10.6,30.31,
10/05/07,76,SEA-TAC,126056.4,418,2.9,25.4,73.63,New clutch master cylinder
10/12/07,76,SEA-TAC,126246.7,190.3,2.9,10.7,31.02,
10/25/07,SAFE AX,MCCHORD,126376,129.3,3.01,7.6,22.87,
11/07/07,COSTCO,TACOMA,126751,375,3.09,22,67.96,
11/26/07,COSTCO,TACOMA,126980.3,229.3,3.12,13.1,40.86,
12/10/07,76,SEA-TAC,127161.1,180.8,3.16,12.9,40.75,
01/29/08,COSTCO,TACOMA,127557.8,396.7,2.9,25.4,73.63,
03/27/08,COSTCO,GIG HARBOR,127797.4,239.6,3.36,14.6,49.04,
04/13/08,COSTCO,GIG HARBOR,128248.2,450.8,3.66,26.9,98.43,
05/28/08,COSTCO,GIG HARBOR,128489.8,241.6,3.9,14.8,57.71,
06/12/08,COSTCO,GIG HARBOR,128818.1,328.3,4.14,19.4,80.3,
07/04/08,COSTCO,GIG HARBOR,129159,340.9,4.04,20,80.78,
09/02/08,COSTCO,GIG HARBOR,129497.2,338.2,3.8,19.4,73.7,
09/13/08,SAFE AX,MCCHORD,129699.5,202.3,3.47,11.4,39.55,
10/02/08,COSTCO,GIG HARBOR,129925.2,225.7,3.4,12.9,43.85,
10/24/08,SHELL,TRIBAL ONE,130267.9,342.7,2.6,19,49.38,
11/22/08,ARCO,GIG HARBOR,130713.1,445.2,1.7,25.9,44,
12/05/08,ARCO,GIG HARBOR,130940.6,227.5,1.7,15.5,26.33,
01/09/09,ARCO,GIG HARBOR,131259.3,318.7,1.9,10.5,19.94,
01/18/09,COSTCO,N/A,131378.9,119.6,1.89,5.8,10.96,
02/18/09,ARCO,GIG HARBOR,131741.4,362.5,2.16,25.2,54.41,
03/10/09,ARCO,PEARL ST,131904.8,163.4,2,14.2,28.39,
04/08/09,COSTCO,GIG HARBOR,132291,386.2,2.16,24.2,52.25,
04/24/09,COSTCO,GIG HARBOR,132391.5,100.5,2.26,6.6,14.91,
05/09/09,LES SCHWAB,GIG HARBOR,132585.9,N/A,,,,"Tires rotated, new ""extreme power"" battery ($110)"
05/14/09,SAFE AX,MCCHORD,132649.9,257.7,1.44,15.3,22.02,Alternator (Ball Auto Sales: $303)
05/20/09,COSTCO,GIG HARBOR,132676.4,26.5,2.4,7.4,17.75,
06/19/09,ARCO,GIG HARBOR,133180.8,504.4,2.84,21.1,59.9,
07/03/09,COSTCO,GIG HARBOR,133330.6,149.8,2.8,11.8,33.03,
07/23/09,COSTCO,GIG HARBOR,133716.4,385.8,2.56,22.2,56.81,
08/20/09,COSTCO,GIG HARBOR,133919,202.6,2.75,12,32.99,
09/10/09,COSTCO,GIG HARBOR,134190,271,2.8,16.3,45.62,
09/22/09,SHELL,TRIBAL ONE,134403.1,213.1,3,9.8,29.39,
10/05/09,COSTCO,GIG HARBOR,134736,332.9,2.66,16.1,42.81,
10/08/09,CHEVRON,GIG HARBOR,134858.5,122.5,2.8,13,36.39,
10/12/09,COSTCO,GIG HARBOR,134982.9,124.4,2.6,7.4,19.23,
10/30/09,COSTCO,TACOMA,135289.6,306.7,2.7,18.3,49.39,
11/12/09,COSTCO,GIG HARBOR,135377.5,87.9,2.75,5.5,15.12,New Tire Les Schwab
12/11/09,CHEVRON,GIG HARBOR,135687.5,310,2.82,20.3,57.23,
12/22/09,COSTCO,GIG HARBOR,135806.9,119.4,2.6,7.5,19.49,
01/06/10,COSTCO,GIG HARBOR,136146.6,339.7,2.7,20.2,54.52,
01/26/10,COSTCO,TACOMA,136475,328.4,2.7,19,51.28,
03/18/10,SHELL,TRIBAL ONE,136832.7,357.7,2.85,21.7,61.82,
04/08/10,COSTCO,GIG HARBOR,137112.5,279.8,2.98,18.2,54.22,
04/16/10,SHELL,TRIBAL ONE,137488.1,375.6,2.88,22,63.34,
05/24/10,COSTCO,GIG HARBOR,137656.2,168.1,2.94,10,29.39,
06/08/10,SHELL,TRIBAL ONE,137943.3,287.1,2.8,17.3,48.42,
06/17/10,COSTCO,GIG HARBOR,138131.4,188.1,2.8,11.5,32.19,
06/23/10,COSTCO,GIG HARBOR,138244.7,113.3,2.82,6.4,18.04,
07/01/10,COSTCO,GIG HARBOR,138398.8,154.1,2.82,8.5,23.96,
08/01/10,COSTCO,TACOMA,138798.7,399.9,2.86,22.8,65.19,
08/18/10,COSTCO,GIG HARBOR,139057.4,258.7,2.98,14.9,44.39,
09/02/10,COSTCO,GIG HARBOR,139335,277.6,2.9,16.2,46.96,
09/14/10,SHELL,TRIBAL ONE,139688,353,2.8,14.3,40.03,
09/27/10,COSTCO,GIG HARBOR,139999,311,2.86,22,62.9,
10/11/10,COSTCO,TACOMA,140294,295,2.8,15.9,44.5,
10/23/10,SHELL,TRIBAL ONE,140491.9,197.9,2.9,12,34.79,
11/27/10,SHELL,TRIBAL ONE,140796.1,304.2,2.94,18.5,54.37,
12/13/10,COSTCO,GIG HARBOR,141035.6,239.5,2.99,14.6,43.64,
12/21/10,COSTCO,GIG HARBOR,141246.7,211.1,3.1,12.3,38.12,
12/29/10,SHELL,45TH SEATTLE,141590.2,343.5,3.3,6.1,20.12,
12/31/10,VALERO,GIG HARBOR,141637.1,46.9,3.22,18,57.94,
01/08/11,SHELL,GIG HARBOR,142142.3,505.2,3.2,10,31.99,
02/12/11,COSTCO,GIG HARBOR,142280.5,138.2,3.22,10,32.19,
04/21/11,COSTCO,GIG HARBOR,142396.9,116.4,3.87,7.3,28.24,
04/28/11,COSTCO,TACOMA,142748,351.1,3.76,20.3,76.31,
06/10/11,SHELL,TRIBAL ONE,142985.4,237.4,3.73,13,48.48,
06/11/11,LES SCHWAB,GIG HARBOR,143000.9,N/A,,,,TIRE ROTATION
06/11/11,PRECISION TUNE,GIG HARBOR,143000.9,N/A,,,,OIL CHANGE ($30.34)
06/23/11,ARCO,PORTLAND AVE,143324.1,338.7,3.64,21,76.42,
07/04/11,ARCO,TACOMA,143566.3,242.2,3.6,10.8,38.87,
07/06/11,ARCO,TACOMA,143909.1,342.8,3.6,20.8,74.86,
07/23/11,ARCO,FIFE,144268,358.9,3.6,16.7,60.1,
07/29/11,76,U VIL SEATTLE,144348.5,80.5,3.86,9.9,38.2,
08/05/11,CHEVRON,N/A,144770,421.5,3.88,24,93.1,
09/11/11,ARCO,PORTLAND AVE,145034.1,264.1,3.7,18.2,67.32,
10/09/11,SHELL,TRIBAL ONE,145398.7,364.6,3.6,24.6,88.54,
10/09/11,JIFFYLUBE,GIG HARBOR,145379,N/A,,,,OIL CHANGE ($51)
11/23/11,SHELL,TRIBAL ONE,145744.6,365.6,3.35,24.5,82.05,
01/04/12,76,45TH SEATTLE,146046.2,301.6,3.66,6.9,25.25,
01/07/12,SHELL,TRIBAL ONE,146164.2,118,3.42,20.4,69.75,
01/20/12,N/A,N/A,N/A,N/A,,N/A,N/A,
02/19/12,SHELL,TRIBAL ONE,146722.5,272.2,3.68,21.6,79.47,
03/28/12,ARCO,PEARL ST,147049.9,327.4,4,23,91.98,
05/05/12,ARCO,TACOMA,147410.2,360.3,3.9,21.7,84.61,
06/10/12,76,GIG HARBOR,147732.3,322.1,4,21.8,87.18,
07/07/12,SHELL,WALLINGFORD SEATTLE,148062.6,330.3,3.8,20.4,77.5,
07/22/12,VALERO,GIG HARBOR,148287.6,225,3.66,16.2,59.28,
07/28/12,SAFEWAY,KELSO,148529.7,242.1,2.62,13.8,36.14,
08/12/12,CHEVRON,50TH SEATTLE,148895.7,366,4.1,24.4,100.02,
09/02/12,SHELL,TRIBAL ONE,149245.7,350,4,22.7,90.78,
09/23/12,ARCO,N/A,149742.7,497,3.9,23.6,92.02,
10/21/12,SAFEWAY,GIG HARBOR,149926.4,183.7,3.9,18,70.18,
11/11/12,SHELL,TRIBAL ONE,150148.4,222,3.8,16.5,62.68,
11/21/12,SHELL,TRIBAL ONE,150364.5,216.1,3.34,14.5,48.42,
12/01/12,BALL AUTO,TACOMA,,,,,,"NEW HEATER COIL, HOSES. OIL CHANGE. ADJUST PARKING BRAKE. ($579.58)"
12/20/12,SAFEWAY,GIG HARBOR,150612.2,247.7,3.64,22.5,81.88,
01/02/13,ARCO,TACOMA,150924.8,312.6,3.3,19.7,64.99,
01/20/13,COSTCO,KIRKLAND,151187,262.2,3.16,21.1,66.65,
02/08/13,7 ELEVEN,50TH SEATTLE,151432.6,245.6,3.44,18,61.9,
02/15/13,SAFEWAY,GIG HARBOR,151797.8,365.2,3.59,24,86.14,
02/20/13,ARCO,FEDERAL WAY,152112.1,314.3,3.66,20,73.18,
02/26/13,SHELL,TRIBAL ONE,152481.8,369.7,3.84,22.8,87.53,
03/03/13,COSTCO,NORTH SEATTLE,152802.4,320.6,3.7,20,73.98,
03/10/13,SAFEWAY,W. SEATTLE,153149.8,347.4,3.8,22.6,85.86,
03/17/13,COSTCO,NORTH SEATTLE,153489.6,339.8,3.73,22.3,83.16,
03/25/13,CFN,TACOMA,153873.9,384.3,3.5,24.3,85.03,
03/31/13,SAFEWAY,GIG HARBOR,154252.4,378.5,3.73,23,85.77,
04/21/13,N/A,UW,154460.9,208.5,3.8,23.1,87.76,
05/05/13,SAFEWAY,GIG HARBOR,154740.4,279.5,3.52,19.8,69.68,
05/15/13,SAFEWAY,GIG HARBOR,155028.7,288.3,4,18.4,73.58,
05/27/13,SAFEWAY,GIG HARBOR,155287.7,259,3.87,18,69.64,
06/16/13,SAFEWAY,KENMORE,155493.4,205,3.78,17.8,57.51,
07/13/13,SAFEWAY,KINGSGATE,155831.4,338,3.8,24.4,81.47,
07/29/13,SHELL,TRIBAL ONE,156202.4,371.1,3.78,21.6,81.68,
08/23/13,UNION 76,45TH SEATTLE,156513.7,311.3,3.9,20.6,80.49,
09/24/13,UNION 76,45TH SEATTLE,156830,316.2,3.86,16.7,64.37,
10/16/13,ARCO,NORTH SEATTLE,156982,152,3.36,20.8,70,
11/07/13,CHEVRON,UW,157307.2,319.5,3.66,22.3,72.69,
11/30/13,SAFEWAY,VANCOUVER,157612.6,305.3,3.12,21,54.91,
12/20/13,SAFEWAY,GIG HARBOR,157877,264.4,3.23,16.6,48.6,
